<?xml version="1.0" encoding="UTF-8"?>
<project-private xmlns="http://www.netbeans.org/ns/project-private/1">
    <editor-bookmarks xmlns="http://www.netbeans.org/ns/editor-bookmarks/2" lastBookmarkId="0"/>
    <open-files xmlns="http://www.netbeans.org/ns/projectui-open-files/2">
        <group>
            <file>file:/C:/Users/kirby/OneDrive/المستندات/NetBeansProjects/Graph%20Framework/src/PhoneNetworkApp/PhoneNWDesignApp.java</file>
            <file>file:/C:/Users/kirby/OneDrive/المستندات/NetBeansProjects/Graph%20Framework/src/GraphFramework/MSTAlgorithm.java</file>
            <file>file:/C:/Users/kirby/OneDrive/المستندات/NetBeansProjects/Graph%20Framework/src/GraphFramework/Edge.java</file>
            <file>file:/C:/Users/kirby/OneDrive/المستندات/NetBeansProjects/Graph%20Framework/src/GraphFramework/Graph.java</file>
            <file>file:/C:/Users/kirby/OneDrive/المستندات/NetBeansProjects/Graph%20Framework/src/GraphFramework/KruskalAlg.java</file>
            <file>file:/C:/Users/kirby/OneDrive/المستندات/NetBeansProjects/Graph%20Framework/src/GraphFramework/MHPrimAlg.java</file>
            <file>file:/C:/Users/kirby/OneDrive/المستندات/NetBeansProjects/Graph%20Framework/src/PhoneNetworkApp/BluePrintsGraph.java</file>
        </group>
    </open-files>
</project-private>
